Protein Domain,AI Domain,Degree,Betweeness,Eigen Closness,Trails,Drugs,Cosmic,Cancer gene,Publications,Class
0,0,0.039473684,0.001468468,1.07E-05,0,0,0,1,0.000926784,1
0,0,0.065789474,0.008243243,3.53E-04,0,0,0,1,0.000463392,1
1,0,0.048684211,0.002603604,5.41E-05,0,0,1,1,0,1
0.5,0,0.065789474,0.030990991,3.05E-05,0,0,0,1,0.00695088,1
0,1,0.060526316,0.003162162,9.17E-05,0,0,0,1,0.018999073,1
0,0,0.153947368,0.028018018,8.81E-04,1,0,0,1,0.004170528,1
0,0,0.197368421,0.022612613,1.85E-04,0,0,0,1,0.002780352,1
0,0,0.015789474,0.001891892,3.04E-06,0,0,1,1,0,1
0,0,0.007894737,0.003081081,1.27E-05,0,0,1,1,0.000926784,1
1,0,0.013157895,0.000123423,2.05E-05,0,0,1,1,0,1
0,0,0.044736842,0.000609009,3.92E-04,0,0,0,1,0,1
0,0,0.047368421,0.005144144,7.29E-05,0,0,1,1,0.002780352,1
0,0,0.010526316,0.007369369,6.69E-06,0,0,0,1,0.013901761,1
0.588235294,0,0.040789474,0.001675676,1.26E-04,1,1,0,1,0.001390176,1
0,0,0.034210526,0.001045045,1.26E-04,0,0,1,1,0,1
0,0,0.061842105,0.015945946,4.25E-05,0,0,0,1,0.000463392,1
0,0,0.056578947,7.85E-05,3.93E-04,0,0,0,1,0.001390176,1
0,0,0.043421053,0.003108108,2.07E-04,0,0,1,1,0.000926784,1
1,0,0.011842105,9.10E-05,7.57E-07,0,0,0,1,0,1
0.4,0,0.072368421,0.001432432,1.53E-04,0,0,0,1,0.001390176,1
0,0,0.043421053,0.000556757,1.15E-04,1,1,0,1,0.000926784,1
0,0,0.122368421,0.002109985,0.001046966,0,0,0,1,0,1
0,0,0.003947368,0.000136036,1.19E-05,0,0,0,1,0,1
0.5,1,0.180263158,0.024292703,0.001269368,1,0,1,1,0.00463392,1
0,0,0.182894737,0.064804676,0.001221632,1,1,1,1,0.076923077,1
0,0,0.065789474,0.000401802,3.23E-04,0,0,1,1,0.000926784,1
0,0,0.031578947,0.005621622,3.87E-05,1,0,0,1,0.022242817,1
0.5,0,0.019736842,0.003396396,8.28E-06,0,0,1,1,0.000926784,1
0,0,0.018421053,0.000603604,2.69E-05,0,0,0,1,0,1
0,0,0.001315789,0,6.58E-44,0,0,0,1,0,1
0.666666667,0,0.042105263,0.002540541,1.50E-04,0,0,1,1,0,1
0,0,0.132894737,0.00981982,7.47E-04,1,0,1,1,0.003243744,1
0.5,0,0.036842105,0.001783784,5.80E-05,0,1,1,1,0.007414272,1
0,0,0.022368421,0.00163964,8.85E-05,0,0,1,1,0.000463392,1
1,0,0.025,0.002081081,9.22E-06,0,0,1,1,0.002780352,1
0,0,0.026315789,0.011171171,8.77E-06,0,0,1,1,0,1
0.25,0,0.013157895,9.10E-05,1.97E-04,0,0,1,1,0.000926784,1
0,0,0.036842105,0.001675676,6.85E-05,0,0,1,1,0.000463392,1
0,0,0.007894737,0.001675676,1.19E-05,0,0,1,1,0,1
0,0,0.094736842,0.018194835,0.002183131,0,0,1,1,0.00463392,1
0,0,0.332894737,0.019379093,0.001881349,0,0,0,1,0,1
0,0,0.130263158,0.011923899,0.001135628,0,0,1,1,0.001390176,1
1,0,0.093421053,0.006666667,8.52E-04,0,0,1,1,0,1
0,0,0.235526316,0.111433273,0.032563968,0,0,0,1,0.007877665,1
0,0,0.019736842,0.004099099,4.95E-06,0,0,1,1,0,1
0.75,0,0.096052632,0.021531532,5.60E-04,0,0,0,1,0.002780352,1
0,1,0.107894737,0.015765766,4.54E-04,1,1,1,1,0.003243744,1
0,0,0.052631579,0.005477477,1.29E-04,0,0,0,1,0.000926784,1
1,0,0.042105263,0.005459459,1.07E-04,1,0,0,1,0.039388323,1
0,0,0.009210526,0.000327027,9.83E-07,0,0,1,1,0,1
0.454545455,0,0.005263158,0.001594595,4.43E-06,0,0,1,1,0.005097312,1
0,0,0.068421053,0.001414414,3.90E-04,0,0,1,1,0.008804449,1
0,0,0.014473684,0.000490991,1.27E-05,1,0,1,1,0.001390176,1
0,0,0.025,6.95E-05,2.44E-05,0,0,0,1,0,1
0,0,0.011842105,0.000337838,8.00E-07,0,0,0,1,0,1
0.428571429,0,0.084210526,0.008513514,3.07E-04,1,0,1,1,0.001390176,1
0,0,0.014473684,7.63E-05,1.56E-05,0,0,0,1,0.000926784,1
0,0,0.005263158,0,8.30E-05,0,0,0,1,0,1
0,0,0.025,0.006252252,9.23E-06,0,0,1,1,0.012511585,1
0,0,0.063157895,0.01036036,1.59E-04,0,1,1,1,0.02502317,1
1,0,0.031578947,0.000657658,5.19E-05,0,0,0,1,0.000926784,1
0.648648649,0,0.005263158,0,2.38E-05,0,0,1,1,0.000463392,1
0,0,0.128947368,0.004351351,8.35E-04,0,0,1,1,0.007414272,1
0,0,0.219736842,0.052882883,1.86E-04,1,0,1,1,0.005097312,1
0,1,0.118421053,0.006379009,0.001411356,1,0,1,1,0.003243744,1
0,0,0.027631579,0.000159459,7.82E-05,0,0,1,1,0.011121409,1
0,0,0.471052632,0.301596437,0.006007414,0,0,1,1,0.001390176,1
0,0,0.077631579,0.004036036,2.63E-04,1,0,1,1,0.000463392,1
0,0,0.060526316,0.000513514,1.50E-04,0,0,0,1,0.001853568,1
0.666666667,0,0.001315789,0,8.01E-10,0,0,0,1,0,1
0.333333333,0,0.018421053,0.002018018,1.31E-05,0,0,1,1,0.001853568,1
0,0,0.005263158,0.000336036,3.30E-06,0,0,1,1,0.005560704,1
0,0,0.009210526,0.000164865,1.12E-05,0,0,1,1,0.002780352,1
0,0,0.075,0.000591892,8.05E-04,0,0,1,1,0.001853568,1
0,0,0.089473684,0.014774775,5.74E-04,0,0,1,1,0.014365153,1
1,0,0.206578947,0.037117117,7.78E-04,0,0,0,1,0.003707136,1
0,0,0.130263158,0.007900901,7.32E-04,1,0,0,1,0.020389249,1
0.333333333,0,0.022368421,0.001369369,1.23E-05,0,0,1,1,0,1
0,0,0.017105263,8.65E-06,3.01E-05,0,0,1,1,0.00231696,1
0,0,0.052631579,0.000927928,7.93E-05,1,0,1,1,0,1
1,0,0.064473684,0.00954955,5.36E-05,0,0,0,1,0.003707136,1
0,0,0.034210526,0.000705405,2.34E-04,0,0,0,1,0.000926784,1
0,0,0.123684211,2.48E-05,0.001948377,0,0,0,1,0,1
0,0,0.144736842,0.020165526,0.001962378,1,0,1,1,0.00231696,1
0.6,0,0.076315789,0.00039009,1.37E-04,1,0,0,1,0.000926784,1
0.8,0,0.282894737,0.00985336,0.062073232,1,0,1,1,0,1
0,0,0.064473684,0.003990991,2.82E-05,0,0,1,1,0.000926784,1
0.1,0,0.184210526,0.021351351,2.34E-04,1,0,0,1,0,1
0,0,0.003947368,0,1.08E-07,0,0,0,1,0,1
0,0,0.05,0.002009009,1.90E-04,0,0,1,1,0.001853568,1
0.828571429,0,0.127631579,0.017567568,9.01E-05,0,0,1,1,0.000463392,1
0,1,0.226315789,0.06009009,8.32E-04,1,1,1,1,0.014828545,1
0.333333333,0,0.109210526,0.017387387,1.90E-04,1,0,0,1,0.000926784,1
0,0,0.003947368,0,4.72E-07,0,0,0,1,0,1
0,0,0.022368421,0.009459459,7.54E-05,0,0,1,1,0.017608897,1
0,0,0.144736842,0.021621622,5.35E-04,1,1,1,1,0.007877665,1
1,0,0.077631579,0.001414414,8.09E-04,0,0,1,1,0.000926784,1
0.333333333,0,0.057894737,0.003027027,3.41E-05,0,0,0,1,0,1
0.2,0,0.098684211,0.002567568,1.98E-04,1,0,1,1,0.00231696,1
0,0,0.467105263,0.067859223,0.002895175,0,0,0,1,0,1
1,0,0.027631579,0.002855856,3.68E-06,0,0,1,1,0,1
0.294117647,0,0.025,0.001810811,5.63E-05,0,0,1,1,0.000463392,1
0.714285714,0,0.032894737,0.006369369,4.55E-05,1,0,0,1,0.003243744,1
0.818181818,0,0.082894737,0.003815826,0.001194348,0,0,0,1,0.008804449,1
0,0,0.017105263,0.004468468,3.63E-05,0,0,1,1,0.001390176,1
0,0,0.444736842,0.106252927,0.00187809,1,0,0,1,0.018535681,1
0,0,0.003947368,0.00018018,3.03E-07,0,0,0,1,0.001853568,1
1,0,0.025,0.000747748,1.75E-05,0,0,1,1,0,1
0,0,0.038157895,0.008396396,1.27E-04,1,0,1,1,0.012048193,1
0,0,0.002631579,0,4.05E-07,0,0,0,1,0.005560704,1
0,0,0.148684211,0.012702703,9.02E-04,1,1,1,1,0.03197405,1
0,0,0.1,0.002918919,6.79E-04,1,0,1,1,0.004170528,1
1,1,0.661842105,0.468326267,0.002374576,1,1,1,1,1,1
0,0,0.002631579,0.000148649,2.01E-06,0,0,0,1,0,1
0,0,0.069736842,0.000100901,8.78E-04,0,0,0,1,0.000926784,1
1,0,0.194736842,0.005055538,0.002856049,0,0,0,1,0.000463392,1
0,0,0.161842105,0.043405712,0.00352837,0,0,1,1,0,1
0,0,0.034210526,0.002477477,4.35E-05,0,0,1,1,0,1
0.75,0,0.065789474,0.001351351,1.58E-04,1,1,1,1,0.000463392,1
0.333333333,0,0.021052632,0.00017027,1.04E-05,0,0,1,1,0.001853568,1
0,0,0.010526316,3.45E-05,7.33E-06,0,0,1,1,0,1
0,0,0.018421053,0.000336036,1.44E-05,0,0,1,1,0,1
0,0,0.002631579,0.000338739,1.87E-06,0,0,0,1,0.00231696,1
0.5,1,0.018421053,0.000163964,3.48E-05,0,0,1,1,0,1
0,0,0.022368421,0.004378378,1.97E-05,0,0,1,1,0,1
0,0,0.021052632,4.68E-05,2.67E-05,0,0,1,1,0.000463392,1
0,0,0.052631579,0.002306306,1.15E-04,0,0,0,1,0,1
0,0,0.035526316,0.000803267,0.001756707,0,0,0,1,0.002780352,1
0,0,0.105263158,0.015675676,5.46E-04,0,0,1,1,0.000926784,1
0,0,0.086842105,0.004738739,4.69E-04,0,0,0,1,0.001853568,1
1,1,0.147368421,0.013423423,5.62E-04,1,1,1,1,0.001853568,1
0,0,0.076315789,0.012342342,2.86E-04,0,0,0,1,0.014828545,1
0.15942029,0,0.043421053,0.00118018,1.86E-04,1,0,1,1,0.000463392,1
0.2,0,0.069736842,0.007063063,9.62E-04,1,0,1,1,0.011584801,1
0,0,0.011842105,0.000348649,1.74E-05,0,0,1,1,0.000463392,1
0,1,0.046052632,0.00263964,1.18E-04,1,0,0,1,0.000926784,1
0,1,0.115789474,0.005540541,2.05E-04,1,0,0,1,0.004170528,1
0,0,0.032894737,0.001081081,1.93E-04,1,0,0,1,0.010194625,1
0.125,0,0.006578947,1.48E-05,7.62E-07,0,0,1,1,0.001390176,1
0.03030303,0,0.005263158,0.002864865,5.72E-05,0,0,0,1,0.002780352,1
0.845070423,0,0.192105263,0.046875023,0.001941844,0,1,1,1,0,1
0,0,0.206578947,0.030973333,0.001426407,0,0,0,1,0,1
0,0,0.075,0.009712447,0.001132227,0,0,1,1,0.003707136,1
0,0,0.046052632,0.000109009,3.37E-04,0,0,1,1,0.00231696,1
0,0,0.021052632,0.001054054,8.86E-06,0,0,0,1,0.00231696,1
0,0,0.080263158,0.001540541,1.38E-04,1,0,0,1,0,1
0.25,0,0.084210526,0.002153153,1.36E-04,0,0,1,1,0.000463392,1
0,0,0.017105263,7.03E-06,1.98E-05,0,0,1,1,0.001853568,1
0,0,0.060526316,0.008468468,1.15E-04,0,0,1,1,0,1
0,0,0.002631579,0,7.04E-06,1,0,0,1,0.000463392,1
0,0,0.072368421,0.002297297,8.02E-04,1,0,1,1,0.005097312,1
1,0,0.273684211,0.001318015,0.065681556,0,0,1,1,0,1
0,0,0.122368421,0.023153153,5.74E-04,0,0,0,1,0.008804449,1
0,0,0.032894737,0.000646847,2.84E-04,0,0,1,1,0.000926784,1
0,0,0.090789474,0.010630631,4.11E-04,1,0,1,1,0.006024096,1
0,0,0.042105263,0.004378378,1.35E-04,0,0,1,1,0.001390176,1
0,0,0.022368421,0.000308108,4.76E-04,0,0,1,1,0.001390176,1
0.5,0,0.048684211,0.001333333,3.65E-04,0,0,0,1,0.00463392,1
0.181818182,0,0.111842105,0.001081081,9.09E-04,0,0,1,1,0.000463392,1
1,0,0.422368421,0.095038709,0.001734695,1,0,1,1,0.443466172,1
0,0,0.572368421,0.400941828,0.004381999,0,0,0,1,0.000926784,1
0,0,0.034210526,0.000330631,1.48E-04,0,0,0,1,0.000926784,1
0,0,0.326315789,0.001182189,0.004536575,0,0,0,1,0,1
0,0,0.372368421,0.048986742,0.072407205,0,0,1,1,0.00231696,1
0,0,0.146052632,0.011711712,1.89E-04,0,0,1,1,0.000463392,1
0.5,0,0.031578947,0.001333333,6.45E-05,0,0,1,1,0.003707136,1
0,0,0.010526316,0.00050991,1.15E-06,1,0,1,1,0.000463392,1
0,0,0.171052632,0.049627447,0.002000751,1,0,1,1,0.043095459,1
0.333333333,0,0.076315789,0.003387387,1.25E-04,0,0,0,1,0.008341057,1
0,0,0.001315789,0,7.06E-05,0,0,1,1,0.000463392,1
0.625,0,0.159210526,0.003108108,2.28E-04,0,0,1,1,0.00231696,1
0,0,0.218421053,0.000955217,0.002414871,0,0,0,1,0,1
0,1,0.127631579,0.011441441,7.05E-04,1,0,1,1,0.015291937,1
0,0,0.190789474,0.090476342,0.001689289,1,0,1,1,0.021316033,1
0,0,0.276315789,0.050463063,0.001639707,1,0,1,1,0.135773865,1
0,0,0.025,0.006459459,1.13E-05,0,0,1,1,0.000926784,1
0,0,0.060526316,0.002279279,5.27E-05,1,0,0,1,0.000463392,1
0.666666667,0,0.032894737,0.00066036,7.01E-05,1,0,1,1,0.008804449,1
0,0,0.006578947,0,4.37E-06,1,0,0,1,0,1
0,0,0.071052632,0.003441441,3.46E-04,1,0,1,1,0.003707136,1
0,0,0.047368421,0.001801802,6.94E-05,0,0,0,1,0.000463392,1
0,0,0.031578947,0.003009009,2.34E-05,0,0,1,1,0.023169601,1
0,0,0.048684211,0.006711712,4.61E-04,0,0,1,1,0.002780352,1
0,0,0.061842105,0.004936937,2.07E-04,1,0,1,1,0.00463392,1
0,0,0.103947368,0.008063784,0.001316334,1,1,1,1,0.003243744,1
0,0,0.053947368,0.002459459,1.09E-04,0,0,1,1,0.001853568,1
1,0,0.172368421,0.013873874,6.63E-04,0,0,1,1,0.000463392,1
0,0,0.036842105,0.000981982,2.69E-05,0,0,1,1,0,1
0.5,0,0.086842105,0.005495495,8.63E-04,1,0,1,1,0.010194625,1
1,0,0.031578947,0.003099099,2.47E-05,0,0,0,1,0.000926784,1
0,0,0.006578947,8.95E-05,1.55E-05,0,0,1,1,0.000463392,1
0,0,0.002631579,0,1.09E-06,0,0,1,1,0,1
1,0,0.059210526,0.001246847,0.001385694,0,0,0,1,0,1
0.210526316,0,0.118421053,0.028918919,9.82E-04,0,0,0,1,0.000926784,1
0,0,0.036842105,0.00572973,1.25E-05,0,0,1,1,0.004170528,1
0,0,0.060526316,0.002576577,1.90E-04,0,0,0,1,0.003707136,1
0,0,0.017105263,0.001621622,3.28E-05,0,0,0,1,0,1
0,0,0.096052632,0.006585586,1.22E-04,1,0,0,1,0.00463392,1
0,0,0.038157895,0.001558559,1.25E-04,0,0,1,1,0.002780352,1
0,0,0.028947368,0.000823423,4.29E-05,0,0,0,1,0.007414272,1
0,0,0.032894737,0.00039009,1.14E-04,0,0,1,1,0.003243744,1
0,0,0.040789474,0.004045045,2.32E-05,0,0,1,1,0.001390176,1
1,0,0.142105263,0.011621622,1.93E-04,0,0,0,1,0.001390176,1
0.133333333,0,0.240789474,0.048507087,0.00139791,1,1,1,1,0.158016682,1
0.1875,0,0.018421053,0.002603604,1.84E-05,0,0,0,1,0.000463392,1
0.181818182,0,0.001315789,0,2.43E-07,0,0,0,1,0,1
0,0,0.003947368,0.000503604,2.51E-06,0,0,0,1,0.004170528,1
1,0,0.184210526,0.006918919,2.96E-04,0,0,0,1,0.003243744,1
0,0,0.013157895,0.000779279,1.54E-05,0,0,0,1,0.00463392,1
0,0,0.161842105,0.046967267,0.001792148,0,0,1,1,0.010658017,1
0,0,0.005263158,0,4.80E-05,0,0,0,1,0.002780352,1
0,0,0.125,0.036576577,2.89E-04,1,0,0,1,0.001390176,1
0.153846154,0,0.114473684,0.014926276,0.001376899,1,0,1,1,0.040778499,1
0.4625,0,0.313157895,0.045832728,0.002146402,1,0,1,1,0.003707136,1
0,0,0.022368421,0.000445946,9.04E-05,0,0,0,1,0.010658017,1
0,0,0.017105263,9.73E-06,1.79E-05,0,0,0,1,0.000463392,1
1,0,0.068421053,0.011981982,2.48E-04,1,0,1,1,0.004170528,1
0,0,0.113157895,0.020540541,8.77E-04,1,0,1,1,0.006024096,1
0,0,0.331578947,0.077853931,0.001098397,1,0,1,1,0.000463392,1
0,0,0.126315789,0.039408441,0.00126523,1,0,1,1,0.005560704,1
0,0,0.011842105,0.000511712,1.26E-04,0,0,0,1,0.000926784,1
0,0,0.175,0.029621456,0.001291071,0,0,1,1,0.013438369,1
0.5,0,0.161842105,0.021081081,5.70E-04,1,1,1,1,0.007414272,1
0,0,0.003947368,0,4.93E-06,0,0,0,1,0.000463392,1
0,0,0.001315789,0,6.78E-07,0,0,0,1,0.000463392,1
0,0,0.002631579,0,1.33E-06,0,0,0,1,0.003243744,1
0.6,0,0.05,0.017477477,5.28E-05,0,0,1,1,0,1
0,0,0.309210526,0.044565117,0.001278884,1,1,0,1,0.014828545,1
0,0,0.007894737,0.000676577,2.42E-05,0,0,1,1,0,1
0,1,0.034210526,0.003918919,1.01E-04,0,0,1,1,0.004170528,1
0,0,0.210526316,0.020573865,0.002217808,0,0,0,1,0.000463392,1
0,0,0.047368421,0.006441441,1.60E-05,0,0,1,1,0,1
1,0,0.069736842,0.012882883,2.92E-04,0,0,1,1,0.037071362,1
0,0,0.068421053,0.006513514,7.11E-04,1,0,1,1,0.000926784,1
0.333333333,0,0.028947368,0.000259459,9.14E-05,0,0,0,1,0.000926784,1
0.857142857,0,0.060526316,0.000437838,2.35E-04,0,0,0,1,0.000463392,1
0,0,0.107894737,0.003369369,7.37E-04,0,0,1,1,0.001853568,1
0,0,0.005263158,0.000169369,1.83E-04,0,0,0,1,0.000463392,1
1,0,0.010526316,0.00031982,5.76E-06,0,0,0,1,0.007877665,1
0.5,0,0.064473684,0.000318919,1.30E-04,0,0,0,1,0.002780352,1
0,0,0.007894737,2.88E-06,7.95E-05,0,0,1,1,0.005097312,1
0.666666667,0,0.009210526,0.003225225,6.17E-06,0,0,1,1,0.008341057,1
0,0,0.056578947,0.005306306,8.53E-05,0,0,0,1,0,1
0.5,0,0.335526316,0.151074339,0.002361263,1,1,1,1,0.033364226,1
0.5,0,0.009210526,0.00554955,2.24E-05,0,0,1,1,0.001390176,1
0,0,0.001315789,0,3.72E-44,0,0,1,1,0,1
0,0,0.039473684,0.00381982,1.12E-04,0,0,1,1,0.000926784,1
0,0,0.221052632,0.080076823,0.001196458,1,0,1,1,0.001853568,1
0.416666667,0,0.078947368,0.006202838,0.00120236,0,0,0,1,0.004170528,1
0.5,0,0.078947368,0.000396396,2.26E-04,1,1,0,1,0.007877665,1
0.4,0,0.072368421,0.007684685,4.35E-05,0,0,1,1,0,1
0.2,0,0.107894737,0.014234234,9.39E-05,0,0,1,1,0,1
0,0,0.019736842,0.000153153,4.70E-05,0,0,0,1,0.001390176,1
0,0,0.021052632,0.001333333,1.57E-05,0,0,1,1,0.000463392,1
0,0,0.007894737,0.000109009,3.41E-04,0,0,0,1,0,1
0,0,0.035526316,0.000415315,1.51E-04,0,0,0,1,0.004170528,1
1,0,0.013157895,0.00318018,3.26E-05,0,0,1,1,0.000926784,1
1,1,0.011842105,0.001351351,1.57E-05,0,0,1,1,0.035681186,1
0.25,0,0.028947368,0.003936937,2.16E-05,0,0,1,1,0.021779425,1
0,0,0.027631579,0.006432432,1.09E-04,0,0,0,1,0.000463392,1
0,0,0.088157895,0.008702703,9.34E-05,0,0,1,1,0.011121409,1
0.5,0,0.077631579,0.001063063,2.02E-04,0,0,1,1,0.000926784,1
0,0,0.023684211,0.000945946,2.84E-05,0,0,1,1,0.000463392,1
1,1,0.010526316,0.00290991,1.01E-05,0,0,1,1,0.008804449,1
0,0,0.322368421,0.137216047,0.03181903,0,0,1,1,0.03892493,1
0,0,0.117105263,0.024144144,3.59E-04,0,0,1,1,0.022242817,1
0,0,0.057894737,0.000209009,2.34E-04,0,0,0,1,0.00231696,1
0,0,0.022368421,0.001198198,1.16E-05,0,0,1,1,0,1
0,0,0.060526316,0.006117117,3.60E-04,0,0,0,1,0.004170528,1
0.666666667,1,0.017105263,0.001657658,5.45E-05,1,0,0,1,0.001853568,1
0,0,0.006578947,0.000114414,3.11E-05,0,0,1,1,0,1
0,0,0.048684211,0.00118018,1.12E-04,0,0,1,1,0.003707136,1
0.050632911,0,0.1,0.001635015,0.001903934,0,0,0,1,0.007877665,1
1,0,0.153947368,0.051711712,3.56E-04,0,0,1,1,0,1
0,0,0.017105263,0.006045045,6.36E-05,0,0,0,1,0.001853568,1
0,0,0.017105263,0.000835135,1.47E-05,0,0,1,1,0.00231696,1
0,0,0.014473684,0,1.37E-05,0,0,1,1,0.001390176,1
0,0,0.048684211,0.00127027,3.56E-05,0,0,0,1,0.006024096,1
0,0,0.065789474,0.00309009,3.54E-04,0,0,1,1,0.000463392,1
0,0,0.015789474,0.000834234,1.47E-04,0,0,1,1,0.001853568,1
0.0625,0,0.038157895,0.003585586,3.58E-05,1,0,1,1,0.00231696,1
0,0,0.025,0.00011982,1.18E-04,0,0,0,1,0.000926784,1
0.5,1,0.057894737,0.000442342,1.77E-04,0,0,1,1,0.000926784,1
0,0,0.001315789,0,4.78E-07,0,0,0,1,0.001390176,1
0,0,0.05,0.016126126,1.38E-04,0,0,1,1,0.007414272,1
0,0,0.030263158,0.006990991,6.29E-05,0,0,1,1,0.000463392,1
0,0,0.027631579,0.000954955,2.48E-06,0,0,1,1,0,1
0,0,0.059210526,0.000936937,1.65E-04,0,0,0,1,0.00231696,1
0.5,0,0.072368421,0.000826126,1.21E-04,0,0,1,1,0.001390176,1
0.5,0,0.056578947,0.002036036,7.42E-04,0,0,1,1,0.005560704,1
0,0,0.071052632,0.031531532,9.48E-05,0,0,1,1,0.006487488,1
0,0,0.002631579,0,2.27E-06,0,0,1,1,0,1
0.333333333,0,0.018421053,0.004,3.91E-05,0,0,0,1,0.000463392,1
0,0,0.089473684,0.005441441,2.85E-04,1,0,0,1,0.020389249,1
0,0,0.023684211,0.001567568,2.82E-05,0,0,0,1,0,1
0,0,0.076315789,0.004243243,1.42E-04,0,0,0,1,0.000463392,1
0,0,0.061842105,0.004243243,2.23E-04,1,0,1,1,0.010194625,1
1,0,0.153947368,0.029189189,1.17E-04,0,0,1,1,0.006487488,1
0,0,0.05,0.006792793,7.18E-04,0,0,1,1,0.006487488,1
1,0,0.007894737,0,2.62E-05,0,0,0,1,0,1
0,0,0.015789474,0.000757658,2.90E-05,0,0,0,1,0.000463392,1
0,0,0.096052632,0.010720721,7.05E-04,0,0,1,1,0.000463392,1
1,0,0.021052632,0.001369369,6.65E-05,0,0,1,1,0,1
0,0,0.055263158,0.000165766,1.20E-04,0,0,0,1,0.001390176,1
0,0,0.273684211,0.008539431,0.004359274,0,0,0,1,0,1
0,0,0.067105263,0.008720721,8.87E-05,0,0,1,1,0.001390176,1
1,0,0.025,0.001531532,1.84E-05,0,0,0,1,0.002780352,1
0,0,0.086842105,0.012072072,1.89E-04,1,0,1,1,0.028730306,1
0,0,0.052631579,0.010540541,7.76E-05,1,0,1,1,0,1
0.5,0,0.085526316,0.017927928,1.05E-04,0,0,0,1,0.006487488,1
0.5,0,0.084210526,0.016396396,9.63E-04,0,0,1,1,0.000926784,1
0,0,0.348684211,0.085006904,0.00171536,0,0,0,1,0.036144578,1
1,0,0.060526316,0.001630631,4.95E-05,1,0,1,1,0.000926784,1
0,0,0.042105263,0.012342342,7.60E-05,0,0,0,1,0.001390176,1
0,0,0.131578947,0.031851426,0.005122279,0,0,1,1,0.00463392,1
0.954954955,0,0.111842105,0.017297297,3.06E-04,1,0,1,1,0,1
0,0,0.030263158,0.007459459,2.32E-05,0,0,0,1,0.014365153,1
0,0,0.042105263,0.005117117,1.06E-04,0,0,0,1,0.001853568,1
1,0,0.115789474,0.003243243,5.82E-04,0,0,0,1,0,1
0,0,0.013157895,6.98E-05,1.37E-04,1,0,1,1,0.00231696,1
0,0,0.028947368,0.000651351,1.50E-04,0,0,0,1,0,1
1,0,0.109210526,0.016666667,2.67E-04,0,0,1,1,0.000463392,1
0,0,0.028947368,0.003774775,5.67E-05,0,0,1,1,0.005097312,1
0.5,0,0.253947368,0.071284895,0.001056023,0,0,1,1,0.02734013,1
0,0,0.142105263,0.023423423,2.35E-04,0,0,0,1,0.008341057,1
0.5,0,0.098684211,0.015495495,3.40E-04,0,0,1,1,0.000463392,1
0,0,0.180263158,0.060030961,0.001115631,0,0,1,1,0.001853568,1
0,0,0.013157895,0.001081081,1.07E-05,0,0,0,1,0.002780352,1
0,0,0.101315789,0.015045045,1.21E-04,0,0,0,1,0.004170528,1
0,0,0.005263158,2.95E-05,9.54E-06,0,0,1,1,0.000926784,1
1,1,0.225,0.035945946,3.77E-04,0,0,1,1,0.000926784,1
0,0,0.2,0.004654174,0.002904153,1,1,1,1,0.010194625,1
0,0,0.060526316,0.001333333,6.51E-04,0,0,1,1,0,1
0,0,0.010526316,0.000200901,1.36E-05,0,0,0,1,0,1
0,0,0.030263158,0.001207207,2.75E-04,0,0,1,1,0.001390176,1
0,0,0.207894737,0.055255901,0.00137334,0,0,0,1,0.056070436,1
0,0,0.040789474,0.004593033,0.001031529,0,0,1,1,0.004170528,1
0,0,0.003947368,0.001792793,3.16E-06,0,0,0,1,0.00231696,1
0,0,0.026315789,0.001648649,8.38E-05,0,0,1,1,0.003707136,1
0.25,0,0.063157895,0.006369369,8.54E-04,0,0,1,1,0.003243744,1
0.166666667,0,0.044736842,0.002522523,9.21E-04,0,0,0,1,0.00231696,1
0,0,0.061842105,0.000159459,5.69E-04,0,0,1,1,0.001390176,1
0,0,0.206578947,0.093039182,0.010506517,1,0,1,1,0.005560704,1
0.285714286,0,0.139473684,0.006846847,5.04E-04,1,0,1,1,0.050973123,1
0,0,0.013157895,0.000927928,2.93E-06,0,0,1,1,0,1
0,0,0.036842105,4.67E-05,1.00E-04,0,0,1,1,0.000463392,1
1,0,0.027631579,0.003702703,2.84E-05,0,0,1,1,0,1
0,0,0.026315789,0.000918919,2.23E-05,0,0,0,1,0.000926784,1
0.5,0,0.032894737,0.002351351,1.05E-04,0,0,0,1,0,1
0,0,0.060526316,0.00023964,7.25E-04,0,0,0,1,0.000463392,1
1,0,0.040789474,0.000743243,3.94E-05,0,0,0,1,0.000463392,1
0,0,0.015789474,0.001081081,4.92E-06,0,0,1,1,0,1
0,0,0.105263158,0.027837838,2.74E-04,0,0,1,1,0.000926784,1
0,0,0.021052632,0.003045045,4.52E-04,0,0,0,1,0.000463392,1
0,0,0.125,0.017747748,2.31E-04,0,0,1,1,0.025949954,1
0,0,0.196052632,0.029347297,0.001052404,0,0,1,1,0.037071362,1
1,0,0.007894737,8.50E-05,3.59E-06,1,0,1,1,0.006024096,1
0,0,0.022368421,0.00090991,4.69E-05,1,0,1,1,0.001853568,1
0.228571429,0,0.006578947,0.000278378,1.39E-04,0,0,0,1,0.010658017,1
0,0,0.180263158,0.021201245,0.001463198,0,0,1,1,0.005560704,1
0,0,0.014473684,0.000218919,2.57E-05,0,0,1,1,0.000463392,1
0,0,0.022368421,9.37E-05,1.10E-05,0,0,1,1,0,1
0.5,0,0.128947368,0.009099099,4.21E-04,1,1,1,1,0.012048193,1
0,0,0.002631579,9.73E-05,5.63E-06,0,0,0,1,0.001390176,1
0,0,0.152631579,0.006,2.07E-04,0,0,0,1,0.00463392,1
0,0,0.105263158,0.007414414,6.86E-04,0,0,0,1,0.000463392,1
1,0,0.003947368,0.000158559,4.75E-06,0,0,1,1,0,1
0.6,0,0.198684211,0.009052252,0.001859351,0,0,0,1,0.001390176,1
0,0,0.131578947,0.006009009,4.27E-04,1,1,1,1,0.008341057,1
0,0,0.039473684,0.001153153,1.17E-04,0,0,1,1,0.00463392,1
1,0,0.011842105,0,3.50E-07,0,0,0,1,0,1
1,0,0.101315789,0.027657658,7.06E-04,1,0,1,1,0.001853568,1
0.666666667,0,0.122368421,0.022162162,4.72E-04,0,0,0,1,0.000926784,1
0.333333333,0,0.165789474,0.022972973,5.37E-04,1,1,1,1,0.133456905,1
0,0,0.013157895,0.000163964,1.17E-05,0,0,0,1,0.000926784,1
0.538461538,0,0.061842105,0.008666667,7.57E-05,1,0,0,1,0.00231696,1
0,0,0.034210526,0.007558559,1.11E-04,0,0,1,1,0.035681186,1
0,0,0.196052632,0.006612613,4.40E-04,1,0,1,1,0.015755329,1
1,0,0.130263158,0.018738739,3.76E-04,0,0,0,1,0,1
0,0,0.148684211,0.016396396,7.00E-04,0,0,1,1,0.001853568,1
1,0,0.034210526,0.01018018,4.47E-05,0,0,0,1,0.000463392,1
0,0,0.048684211,0.001594595,1.11E-04,1,0,1,1,0.002780352,1
0,0,0.127631579,9.36E-05,0.002727692,0,0,0,1,0,1
0,0,0.009210526,0.00026036,4.04E-04,0,0,1,1,0.00231696,1
0,0,0.055263158,0.012882883,2.29E-04,0,0,0,1,0.000463392,1
0,0,0.088157895,0.011101029,0.001025721,0,0,0,1,0,1
0,0,0.097368421,0.018108108,2.30E-04,0,0,0,1,0.000463392,1
0,1,0.081578947,0.023243243,1.39E-04,0,0,1,1,0.000926784,1
0.5,0,0.134210526,0.028558559,6.89E-04,0,0,1,1,0.00231696,1
1,0,0.042105263,0.000127928,1.36E-05,0,0,0,1,0.000926784,1
0,0,0.106578947,0.008594595,4.86E-04,0,0,0,1,0.00231696,1
0,0,0.042105263,0.005324324,3.52E-05,1,0,1,1,0.008804449,1
1,0,0.167105263,0.052505901,0.005585878,0,0,0,1,0.011584801,1
1,0,0.042105263,0.000156757,1.38E-04,1,0,0,1,0.007414272,1
0,0,0.109210526,0.007574474,0.001127065,0,0,1,1,0.000463392,1
0.071428571,0,0.031578947,0.002873874,4.07E-05,0,0,1,1,0.001853568,1
0,0,0.017105263,0.000397297,1.57E-04,0,0,0,1,0.000463392,1
0,0,0.026315789,0.002711712,1.01E-04,0,0,1,1,0.001390176,1
0,0,0.027631579,0.001324324,3.42E-05,0,0,0,1,0,1
0.571428571,0,0.130263158,0.00709009,7.72E-04,1,1,1,1,0.012974977,1
0,0,0.093421053,0.025945946,9.99E-05,0,0,1,1,0.001853568,1
0,0,0.003947368,1.89E-05,8.36E-07,0,0,0,1,0,1
0,0,0.019736842,0.000787387,2.04E-05,0,0,1,1,0.000926784,1
0,0,0.068421053,0.00427027,2.91E-04,0,0,1,1,0,1
0,0,0.019736842,0.000818018,1.67E-05,0,0,0,1,0.009731233,1
0,0,0.035526316,0.00981982,8.55E-05,0,0,0,1,0.000463392,1
0,0,0.356578947,0.137320321,0.001198936,0,0,0,1,0.000463392,1
0,0,0.177631579,0.011981982,2.94E-04,1,0,0,1,0.000463392,1
0,0,0.182894737,0.052162162,7.93E-04,0,0,0,1,0.003707136,1
0.784313725,0,0.117105263,0.035855856,5.62E-04,0,0,1,1,0.006487488,1
0,0,0.007894737,4.63E-05,8.64E-06,0,0,0,1,0,1
0,0,0.034210526,0.010900901,1.03E-04,0,0,1,1,0.000463392,1
1,0,0.080263158,0.009459459,5.78E-04,1,0,1,1,0.033364226,1
1,0,0.051315789,0.001459459,8.10E-05,0,0,0,1,0.003707136,1
0,0,0.002631579,0,3.13E-08,0,0,1,1,0.000926784,1
0,0,0.010526316,0.000497297,4.83E-06,0,0,1,1,0.003243744,1
0,0,0.063157895,0.001387387,2.26E-04,0,0,1,1,0.016218721,1
0,0,0.102631579,0.026936937,4.94E-04,1,1,1,1,0.005560704,1
0,0,0.006578947,3.10E-05,1.11E-05,0,0,1,1,0,1
0.064516129,0,0.231578947,0.065443483,0.002059764,1,1,1,1,0.493512512,1
0.8,0,0.044736842,0.012792793,1.17E-04,0,0,1,1,0.009731233,1
0,0,0.007894737,0.00024955,2.82E-07,0,0,0,1,0.000926784,1
1,0,0.169736842,0.024414414,8.01E-04,0,0,0,1,0.003243744,1
0.142857143,0,0.036842105,0.005189189,1.15E-05,0,0,1,1,0,1
0,0,0.017105263,0.000736937,1.19E-04,0,0,1,1,0.001390176,1
0.289473684,1,0.297368421,0.104263363,0.001664473,1,1,1,1,0.096848934,1
0,0,0.023684211,0.004315315,8.44E-05,0,0,1,1,0.00463392,1
0,0,0.069736842,0.010720721,2.15E-04,0,0,0,1,0.000463392,1
0,0,0.055263158,0.006522523,5.11E-05,0,0,1,1,0.00231696,1
0.5,1,0.197368421,0.023877162,0.001015933,1,0,0,1,0.048656163,1
0,0,0.053947368,0.000697297,5.62E-04,1,0,1,1,0,1
0,0,0.167105263,0.00954955,3.67E-04,1,1,1,1,0.006024096,1
0,0,0.044736842,0.00990991,8.02E-06,0,0,0,1,0,1
0.666666667,0,0.147368421,0.012972973,6.78E-04,1,0,0,1,0.005097312,1
0.5,0,0.071052632,0.000707568,0.01864187,0,0,0,1,0,1
0,0,0.002631579,1.51E-05,2.36E-06,0,0,1,1,0,1
0,0,0.125,0.013963964,6.69E-04,1,0,1,1,0.009731233,1
1,0,0.217105263,0.028018018,8.84E-04,0,0,0,1,0.001390176,1
0,0,0.056578947,0.000410811,2.55E-05,0,0,0,1,0.006024096,1
1,0,0.018421053,0.003486486,8.82E-06,0,0,1,1,0,1
0,0,0.039473684,0.003036036,3.35E-04,0,0,0,1,0.000463392,1
0,0,0.028947368,0.000100901,2.46E-05,0,0,0,1,0.001390176,1
0,0,0.035526316,0.001009009,1.93E-04,0,0,1,1,0.00231696,1
0,0,0.165789474,0.02018018,8.87E-04,0,0,0,1,0.009731233,1
0,0,0.092105263,0.005234234,2.35E-04,0,0,0,1,0.001853568,1
0.189189189,0,0.053947368,0.007,4.27E-04,0,0,1,1,0.005097312,1
0,0,0.161842105,0.016216216,9.42E-04,0,0,1,1,0.019925857,1
0,0,0.065789474,0.006216216,4.06E-04,0,0,1,1,0.000926784,1
0.25,0,0.1,0.005081081,1.59E-04,1,0,1,1,0.014365153,1
0,0,0.001315789,0,5.36E-07,0,0,0,1,0.000463392,1
1,0,0.05,0.001747748,4.44E-05,1,0,1,1,0,1
0.333333333,0,0.026315789,0.003675676,2.05E-05,0,0,0,1,0.000926784,1
0,0,0.138157895,0.006306306,3.34E-04,1,0,0,1,0.002780352,1
0,0,0.055263158,0.007774775,2.11E-05,0,0,1,1,0.00231696,1
0,0,0.134210526,0.014864865,9.10E-04,1,0,0,1,0.003707136,1
0.5,0,0.018421053,0.0006,2.15E-05,1,0,1,1,0,1
0,0,0.044736842,0.005153153,6.90E-04,1,1,1,1,0.004170528,1
1,0,0.003947368,0.000884685,1.19E-05,0,0,1,1,0.003707136,1
0,0,0.047368421,0.000649369,0.001033206,0,0,1,1,0.001853568,1
0,0,0.043421053,0.00327027,1.49E-05,0,0,0,1,0,1
0,0,0.051315789,0.001432432,2.87E-04,1,0,1,1,0.000463392,1
0,0,0.021052632,0.00336036,1.60E-05,0,0,0,1,0.008341057,1
0,0,0.139473684,0.000160665,0.002813845,0,0,0,1,0,1
0,0,0.096052632,0.004163724,0.008872501,0,0,1,1,0.000463392,1
0.615384615,0,0.006578947,4.02E-05,6.14E-05,0,0,1,1,0,1
1,0,0.121052632,0.011981982,1.09E-04,0,0,0,1,0.000463392,1
1,0,0.055263158,0.001261261,4.52E-04,1,0,1,1,0.008804449,1
0,0,0.092105263,0.009009009,1.35E-04,1,0,0,1,0.001853568,1
0.375,0,0.046052632,0.000897297,3.27E-04,0,0,0,1,0,1
0.2,0,0.046052632,0.031981982,2.95E-05,0,0,0,1,0,1
0,0,0.207894737,0.042162162,5.57E-04,0,0,0,1,0.02734013,1
0,0,0.176315789,0.023339459,0.001129954,0,1,1,1,0.000463392,1
1,0,0.061842105,0.005216216,4.17E-05,0,0,0,1,0.012048193,1
0,0,0.089473684,0.015495495,2.15E-04,0,0,0,1,0.005560704,1
0,0,0.022368421,6.70E-05,1.93E-04,0,0,0,1,0,1
1,0,0.151315789,0.035422028,0.001491323,0,0,0,1,0.00231696,1
1,0,0.042105263,0.00372973,3.71E-05,0,0,1,1,0.000926784,1
1,0,0.063157895,0.006135135,3.07E-04,0,0,1,1,0.001390176,1
1,0,0.040789474,0.001199369,0.001293439,0,0,0,1,0,1
0,0,0.072368421,0.015225225,3.06E-04,1,1,1,1,0.007414272,1
0,0,0.214473684,0.000411831,0.00240107,0,0,0,1,0,1
0.035714286,0,0.096052632,0.007939399,0.004210054,0,0,1,1,0.003707136,1
0.333333333,0,0.243421053,0.034234234,6.44E-04,0,0,1,1,0.000463392,1
0,0,0.071052632,0.002811924,0.001011911,0,0,1,1,0.000926784,1
0,0,0.164473684,0.035405405,9.22E-04,1,0,1,1,0.170528267,1
0,0,0.021052632,0.000305405,4.36E-05,0,0,1,1,0.000463392,1
0,1,0.046052632,0.016576577,8.28E-05,0,0,1,1,0.001390176,1
0,0,0.047368421,0.00436036,1.72E-04,0,0,0,1,0.000926784,1
1,0,0.022368421,0.000231532,1.72E-04,0,0,1,1,0.000926784,1
0,0,0.027631579,0.006666667,9.42E-06,1,0,0,1,0.005097312,1
0,0,0.019736842,0.000213514,8.36E-05,0,0,0,1,0,1
1,0,0.023684211,0.001576577,7.55E-05,0,0,1,1,0.010194625,1
0,0,0.039473684,0.002038829,0.009120157,0,0,1,1,0.000926784,1
1,0,0.030263158,0.00309009,1.44E-04,0,0,0,1,0.000463392,1
1,0,0.018421053,0.001801802,1.07E-05,1,1,1,1,0.005097312,1
0,1,0.046052632,0.004423423,1.88E-04,0,0,0,1,0.008804449,1
0,0,0.015789474,0.002531532,7.09E-05,0,0,1,1,0,1
0,0,0.072368421,0.001531532,7.57E-05,0,0,1,1,0,1
0.2,0,0.001315789,0,8.13E-06,0,0,1,1,0,1
0,0,0.035526316,0.011891892,3.66E-04,0,0,1,1,0.000926784,1
1,0,0.076315789,0.003738739,1.12E-04,0,0,0,0,0.000463392,-1
0.5,0,0.034210526,0.00245045,5.66E-06,0,0,0,0,0,-1
0,0,0.330263158,0.073042492,0.003238757,0,0,0,0,0.001853568,-1
0,0,0.002631579,1.33E-05,9.33E-07,0,0,0,0,0.000926784,-1
0,0,0.010526316,0.000589189,2.96E-06,0,0,0,0,0,-1
0,0,0.006578947,0.001756757,5.26E-06,0,0,0,0,0,-1
0.857142857,0,0.046052632,0.002882883,2.35E-04,0,0,0,0,0.001853568,-1
0,0,0.036842105,0.000151351,1.33E-04,0,0,0,0,0,-1
0.827586207,0,0.039473684,0.001225225,1.28E-04,0,0,0,0,0,-1
0.5,0,0.082894737,0.00318018,4.15E-05,0,0,0,0,0.001390176,-1
0,0,0.196052632,0.017411577,0.019235261,0,0,0,0,0,-1
0,0,0.001315789,0,1.52E-10,0,0,0,0,0,-1
0,0,0.001315789,0,7.03E-10,0,0,0,0,0,-1
1,0,0.001315789,0,1.95E-05,0,0,0,0,0,-1
1,0,0.027631579,0.000348649,3.08E-04,0,0,0,0,0,-1
1,0,0.056578947,0.001027027,1.31E-05,0,0,0,0,0,-1
0,0,0.028947368,0.003846847,1.03E-05,0,0,0,0,0,-1
0,0,0.006578947,2.68E-05,3.10E-04,0,0,0,0,0.000463392,-1
0.448275862,0,0.031578947,0.003873874,1.06E-05,0,0,0,0,0,-1
0,0,0.003947368,0,1.05E-33,0,0,0,0,0,-1
0.50965251,0,0.018421053,0.01027027,9.75E-05,0,0,0,0,0,-1
0,0,0.036842105,0.004585586,8.37E-06,0,0,0,0,0,-1
0,0,0.017105263,5.55E-05,5.07E-05,0,0,0,0,0,-1
0,0,0.001315789,0,5.68E-08,0,0,0,0,0,-1
0,0,0.238157895,0.010997297,0.019674078,0,0,0,0,0,-1
0,0,0.002631579,1.82E-05,4.04E-06,0,0,0,0,0.006487488,-1
0.725,0,0.107894737,0.002858559,0.032326246,0,0,0,0,0,-1
0,0,0.018421053,0.002594595,5.08E-06,0,0,0,0,0.000926784,-1
0.2,0,0.007894737,0,3.10E-05,0,0,0,0,0.000463392,-1
0.166666667,0,0.046052632,0.006531532,2.66E-04,0,0,0,0,0.001390176,-1
1,0,0.003947368,7.39E-06,5.60E-05,0,0,0,0,0,-1
0,0,0.002631579,0,4.37E-04,0,0,0,0,0,-1
0.5,0,0.019736842,0.001504505,2.10E-06,0,0,0,0,0,-1
0,0,0.001315789,0,9.04E-09,0,0,0,0,0,-1
0,0,0.013157895,0.003216216,3.79E-06,0,0,0,0,0.000463392,-1
0.714285714,0,0.027631579,0.000610811,9.26E-06,0,0,0,0,0,-1
0,0,0.002631579,0,2.89E-07,0,0,0,0,0,-1
0,0,0.052631579,0.000158559,8.30E-04,0,0,0,0,0,-1
0,0,0.023684211,6.49E-05,6.26E-05,0,0,0,0,0,-1
1,0,0.081578947,0.00336036,2.85E-04,0,0,0,0,0,-1
1,0,0.022368421,0.000779279,1.94E-04,0,0,0,0,0,-1
0,0,0.009210526,0,4.30E-07,0,0,0,0,0.001390176,-1
0,0,0.007894737,7.86E-05,2.55E-06,0,0,0,0,0.000926784,-1
0,0,0.051315789,0.008567568,3.79E-05,0,0,0,0,0,-1
0,1,0.317105263,0.125448195,0.005033296,0,0,0,0,0.000463392,-1
0.333333333,0,0.014473684,0.000830631,3.97E-04,0,0,0,0,0,-1
0.333333333,0,0.022368421,3.60E-06,4.45E-05,0,0,0,0,0,-1
0,0,0.094736842,0.018828829,4.95E-04,0,0,0,0,0.000463392,-1
0,0,0.064473684,0.00990991,3.82E-05,0,0,0,0,0,-1
1,0,0.023684211,0.000327928,3.53E-05,0,0,0,0,0,-1
0.166666667,0,0.05,0.008540541,1.25E-04,0,0,0,0,0,-1
0.25,0,0.036842105,0.000872973,3.56E-05,0,0,0,0,0,-1
0.6,0,0.002631579,0.000257658,3.40E-06,0,0,0,0,0.000926784,-1
0.5,0,0.076315789,0.000331532,7.91E-05,0,0,0,0,0,-1
0,0,0.092105263,0.006225225,3.81E-04,0,0,0,0,0,-1
0,0,0.011842105,8.27E-05,3.40E-05,0,0,0,0,0.000463392,-1
0,0,0.063157895,0.006797009,0.014715924,0,0,0,0,0.000463392,-1
0.585365854,0,0.018421053,0.000857658,1.28E-05,0,0,0,0,0,-1
0,0,0.014473684,0.002774775,3.41E-06,0,0,0,0,0.000926784,-1
0,0,0.051315789,0.00854955,4.42E-05,0,0,0,0,0.001853568,-1
0.0625,0,0.114473684,0.001018018,1.63E-04,0,0,0,0,0.00695088,-1
0,0,0.055263158,0.004414414,8.75E-06,0,0,0,0,0,-1
0.288888889,0,0.097368421,0.023153153,6.23E-04,0,0,0,0,0.001390176,-1
0,0,0.005263158,1.32E-05,5.93E-05,0,0,0,0,0,-1
0,0,0.002631579,2.81E-05,9.43E-09,0,0,0,0,0.00231696,-1
0,0,0.088157895,0.002432432,6.38E-05,0,0,0,0,0.001390176,-1
0.5,0,0.135526316,0.000698829,0.017352953,0,0,0,0,0,-1
1,0,0.005263158,6.36E-05,1.48E-06,0,0,0,0,0,-1
0.4,0,0.001315789,0,1.49E-09,0,0,0,0,0,-1
1,0,0.002631579,0,5.80E-07,0,0,0,0,0,-1
0,0,0.003947368,0.000602703,2.42E-05,0,0,0,0,0,-1
0,0,0.013157895,0.001324324,1.37E-05,0,0,0,0,0.000463392,-1
0,0,0.011842105,5.59E-06,9.44E-06,0,0,0,0,0,-1
0,0,0.063157895,0.008396396,2.71E-05,0,0,0,0,0,-1
0.5,0,0.056578947,0.002018018,1.52E-04,0,0,0,0,0.001390176,-1
0,0,0.048684211,0.000153153,1.28E-04,0,0,0,0,0,-1
0.5,0,0.092105263,0.018558559,1.21E-04,0,0,0,0,0.001390176,-1
0,0,0.023684211,0.003477477,2.37E-04,0,0,0,0,0.001853568,-1
0,0,0.090789474,0.015315315,6.67E-04,0,0,0,0,0.001390176,-1
0.5,0,0.044736842,0.002576577,1.40E-04,0,0,0,0,0.014828545,-1
0,0,0.009210526,0.000478378,1.41E-06,0,0,0,0,0,-1
0,0,0.001315789,0,1.15E-08,0,0,0,0,0.000926784,-1
0,0,0.005263158,1.66E-05,3.75E-05,0,0,0,0,0,-1
0.5,0,0.064473684,0.002333333,1.98E-04,0,0,0,0,0,-1
0,0,0.026315789,0.00318018,2.92E-05,0,0,0,0,0,-1
1,0,0.018421053,0.000767568,9.00E-07,0,0,0,0,0.000463392,-1
1,0,0.005263158,0,1.53E-06,0,0,0,0,0.000463392,-1
1,0,0.043421053,0.004225225,6.68E-05,0,0,0,0,0.000463392,-1
1,0,0.036842105,2.61E-05,5.20E-06,0,0,0,0,0,-1
1,0,0.009210526,0.000432432,1.30E-05,0,0,0,0,0.001390176,-1
0,0,0.05,0.004531532,5.50E-04,0,0,0,0,0.001853568,-1
0,0,0.001315789,0,1.36E-07,0,0,0,0,0,-1
1,0,0.005263158,3.12E-05,2.67E-06,0,0,0,0,0.000926784,-1
0,0,0.131578947,0.018468468,1.10E-04,0,0,0,0,0,-1
0,0,0.001315789,0,1.43E-05,0,0,0,0,0,-1
0,0,0.002631579,0,6.09E-04,0,0,0,0,0,-1
1,0,0.005263158,4.05E-05,7.41E-06,0,0,0,0,0.000463392,-1
1,0,0.005263158,1.59E-05,6.62E-06,0,0,0,0,0,-1
0,0,0.080263158,0.005792793,4.19E-04,0,0,0,0,0,-1
0,0,0.039473684,0.000754054,1.75E-04,0,0,0,0,0,-1
0,0,0.022368421,0.002036036,1.65E-04,0,0,0,0,0.000463392,-1
0,0,0.046052632,0.004342342,1.37E-05,0,0,0,0,0,-1
0,0,0.006578947,0.0001,8.96E-06,0,0,0,0,0,-1
1,0,0.132894737,0.003720721,4.30E-04,0,0,0,0,0.002780352,-1
0,0,0.002631579,0,3.25E-06,0,0,0,0,0,-1
0,0,0.001315789,0,1.80E-06,0,0,0,0,0,-1
0,0,0.002631579,0,2.18E-07,0,0,0,0,0,-1
0,1,0.110526316,0.015135135,4.44E-04,0,0,0,0,0.007414272,-1
0,0,0.001315789,0,1.50E-07,0,0,0,0,0,-1
0,0,0.026315789,0.000245045,6.52E-06,0,0,0,0,0,-1
0,0,0.026315789,6.60E-05,1.08E-05,0,0,0,0,0,-1
0,0,0.001315789,0,2.07E-06,0,0,0,0,0,-1
0,0,0.017105263,0.000607207,3.60E-05,0,0,0,0,0,-1
0.5,0,0.046052632,0.007585586,1.20E-04,0,0,0,0,0.002780352,-1
0,0,0.003947368,0,3.28E-07,0,0,0,0,0,-1
1,0,0.001315789,0,1.32E-06,0,0,0,0,0.001390176,-1
0.666666667,0,0.002631579,0,1.91E-05,0,0,0,0,0,-1
0,0,0.023684211,0.005495495,1.43E-04,0,0,0,0,0.001390176,-1
0,0,0.009210526,0.000416216,2.11E-05,0,0,0,0,0.000463392,-1
0,0,0.028947368,0.000738739,1.73E-05,0,0,0,0,0,-1
0,0,0.010526316,1.98E-06,2.08E-05,0,0,0,0,0,-1
0.047619048,0,0.019736842,0.003567568,4.67E-06,0,0,0,0,0,-1
0,0,0.032894737,0.004063063,6.22E-05,0,0,0,0,0.000463392,-1
0,0,0.006578947,9.46E-05,1.02E-05,0,0,0,0,0.000926784,-1
0,0,0.003947368,1.86E-05,1.48E-05,0,0,0,0,0,-1
0,0,0.022368421,0.000820721,6.70E-06,0,0,0,0,0,-1
0,0,0.076315789,0.000527027,7.91E-05,0,0,0,0,0,-1
1,0,0.088157895,0.022342342,2.00E-04,0,0,0,0,0.022242817,-1
1,0,0.005263158,0,2.44E-08,0,0,0,0,0,-1
0,0,0.063157895,0.003279279,9.27E-05,0,0,0,0,0,-1
0,0,0.003947368,1.06E-05,9.60E-07,0,0,0,0,0,-1
0.333333333,0,0.025,0.00645045,3.46E-05,0,0,0,0,0.000463392,-1
0.333333333,0,0.015789474,0.001315315,3.36E-06,0,0,0,0,0,-1
1,0,0.019736842,0.003657658,8.82E-06,0,0,0,0,0,-1
0,0,0.017105263,0.000507207,9.18E-04,0,0,0,0,0.000926784,-1
0,1,0.038157895,0.002018018,1.16E-04,0,0,0,0,0.00231696,-1
0,0,0.046052632,0.006045045,1.26E-05,0,0,0,0,0,-1
0,0,0.013157895,0.00181982,4.03E-04,0,0,0,0,0.000926784,-1
0,0,0.001315789,0,3.31E-06,0,0,0,0,0,-1
1,0,0.001315789,0,5.34E-08,0,0,0,0,0.000463392,-1
0,0,0.057894737,0.006828829,3.83E-05,0,0,0,0,0.000463392,-1
0,0,0.001315789,0,2.95E-07,0,0,0,0,0.000463392,-1
1,0,0.072368421,0.000900901,3.49E-05,0,0,0,0,0,-1
1,0,0.036842105,0.007548859,0.002741764,0,0,0,0,0,-1
1,0,0.131578947,0.002563093,0.013645798,0,0,0,0,0,-1
0,0,0.027631579,0.012792793,1.52E-05,0,0,0,0,0.001390176,-1
0.3125,0,0.003947368,0.002333333,6.93E-05,0,0,0,0,0,-1
0.5,0,0.027631579,0,4.96E-06,0,0,0,0,0.000463392,-1
0,0,0.064473684,0.000263063,1.69E-05,0,0,0,0,0,-1
0,0,0.014473684,1.20E-07,2.44E-05,0,0,0,0,0,-1
0,0,0.136842105,0.075135135,9.31E-05,0,0,0,0,0.001853568,-1
0,0,0.036842105,1.80E-07,7.35E-05,0,0,0,0,0,-1
0,0,0.106578947,0.004034595,0.001583335,0,0,0,0,0.014828545,-1
0,0,0.019736842,0.003387387,7.48E-06,0,0,0,0,0,-1
0.75,0,0.005263158,8.58E-05,5.12E-05,0,0,0,0,0,-1
0.774193548,0,0.064473684,0.008882883,4.99E-04,0,0,0,0,0,-1
0,0,0.011842105,0.009189189,1.03E-06,0,0,0,0,0.001853568,-1
0.4,0,0.046052632,0.00863964,2.32E-05,0,0,0,0,0.002780352,-1
0,0,0.097368421,0.006747748,8.18E-04,0,0,0,0,0,-1
0,0,0.001315789,0,2.74E-06,0,0,0,0,0.000463392,-1
0,0,0.014473684,0.000400901,1.14E-05,0,0,0,0,0.00231696,-1
1,0,0.002631579,0,5.76E-05,0,0,0,0,0,-1
0,0,0.001315789,0,2.42E-05,0,0,0,0,0.000926784,-1
0.666666667,0,0.015789474,0.000754955,3.55E-06,0,0,0,0,0,-1
1,0,0.093421053,0.006737523,0.001259385,0,0,0,0,0.00231696,-1
1,0,0.013157895,2.32E-05,3.95E-04,0,0,0,0,0,-1
0.125,0,0.006578947,0.002891892,1.64E-06,0,0,0,0,0,-1
0,0,0.001315789,0,3.62E-08,0,0,0,0,0,-1
0,0,0.001315789,0,6.18E-07,0,0,0,0,0,-1
0,0,0.005263158,0.000756757,4.34E-06,0,0,0,0,0,-1
1,0,0.001315789,0,1.92E-08,0,0,0,0,0.000926784,-1
0,0,0.107894737,0.000899099,9.79E-04,0,0,0,0,0,-1
0,0,0.093421053,0.010994054,0.001171244,0,0,0,0,0.014828545,-1
0,0,0.025,0.002855856,1.13E-04,0,0,0,0,0,-1
0.8,0,0.011842105,5.57E-05,1.36E-05,0,0,0,0,0,-1
0,0,0.003947368,0,6.96E-07,0,0,0,0,0,-1
0,0,0.007894737,0.000362162,1.08E-05,0,0,0,0,0.000926784,-1
0,0,0.072368421,0.008477477,2.13E-04,0,0,0,0,0,-1
0,0,0.002631579,0,1.26E-05,0,0,0,0,0.000926784,-1
0,0,0.001315789,0,2.31E-07,0,0,0,0,0,-1
0.677419355,0,0.244736842,0.290990991,3.83E-05,0,0,0,0,0,-1
0.666666667,0,0.006578947,0.002864865,1.74E-06,0,0,0,0,0,-1
0,0,0.003947368,0,7.95E-05,0,0,0,0,0.000463392,-1
0,0,0.007894737,0.000315315,6.76E-05,0,0,0,0,0.000463392,-1
1,0,0.001315789,0,2.04E-07,0,0,0,0,0,-1
0,0,0.019736842,0.000936937,2.63E-06,0,0,0,0,0,-1
0.5,0,0.027631579,0.000684685,1.41E-05,0,0,0,0,0.000463392,-1
0,0,0.051315789,0.006306306,9.86E-04,0,0,0,0,0.000463392,-1
1,0,0.027631579,0.000245045,8.87E-06,0,0,0,0,0,-1
0,0,0.030263158,0.003495495,7.46E-05,0,0,1,0,0.002780352,-1
0,0,0.010526316,0.000784685,1.15E-05,0,0,0,0,0,-1
1,1,0.003947368,0,7.59E-06,0,0,0,0,0.001390176,-1
0,0,0.034210526,0.002540541,2.21E-05,0,0,0,0,0.000463392,-1
0,0,0.001315789,0,4.28E-08,0,0,0,0,0,-1
0,0,0.098684211,0.01009009,8.39E-05,0,0,0,0,0.000463392,-1
0,0,0.025,0.002954955,3.01E-06,0,0,0,0,0.000926784,-1
0,0,0.010526316,0.003279279,2.22E-05,0,0,0,0,0,-1
0.75,0,0.034210526,0.001711712,4.89E-06,0,0,0,0,0,-1
0.428571429,0,0.032894737,0.003117117,1.15E-04,0,0,0,0,0.000463392,-1
0.666666667,0,0.003947368,4.68E-06,9.26E-06,0,0,0,0,0.000463392,-1
0,0,0.142105263,0.00718018,2.39E-04,0,0,0,0,0.001853568,-1
0.666666667,0,0.111842105,0.02981982,1.23E-04,0,0,0,0,0.000463392,-1
0,0,0.003947368,0,1.22E-05,0,0,0,0,0,-1
0.5,0,0.006578947,0.000336036,1.42E-06,0,0,0,0,0,-1
1,0,0.021052632,0.001486486,4.02E-04,0,0,0,0,0,-1
0.75,0,0.014473684,8.85E-05,1.50E-05,0,0,0,0,0,-1
0.333333333,0,0.089473684,0.000792613,0.015118747,0,0,0,0,0,-1
0,0,0.007894737,0.001342342,7.39E-06,0,0,0,0,0,-1
0,0,0.003947368,0.000205405,6.75E-06,0,0,0,0,0.000463392,-1
1,0,0.003947368,7.21E-07,1.10E-05,0,0,0,0,0,-1
0.333333333,0,0.002631579,0,4.26E-07,0,0,0,0,0,-1
0,0,0.022368421,0,7.13E-05,0,0,0,0,0,-1
0,0,0.002631579,1.80E-06,1.26E-05,0,0,0,0,0,-1
0,0,0.090789474,0.023693694,6.09E-05,0,0,0,0,0.003707136,-1
0,0,0.002631579,0.000225225,4.66E-06,0,0,0,0,0,-1
0,0,0.072368421,0.001585586,8.80E-04,0,0,0,0,0,-1
1,0,0.002631579,0,3.71E-06,0,0,0,0,0,-1
0,0,0.182894737,0.005867267,0.002562636,0,0,0,0,0,-1
0,0,0.023684211,0.001864865,2.66E-05,0,0,0,0,0,-1
0.6,0,0.003947368,1.24E-05,2.80E-06,0,0,0,0,0,-1
0.416666667,0,0.001315789,0,2.86E-06,0,0,0,0,0,-1
0,0,0.014473684,0.00509009,1.76E-05,0,0,0,0,0,-1
0,0,0.002631579,7.53E-05,1.19E-07,0,0,0,0,0.000926784,-1
0,0,0.025,0.003486486,3.14E-06,0,0,0,0,0,-1
0,0,0.005263158,0.00023964,5.90E-06,0,0,0,0,0,-1
0,0,0.001315789,0,3.41E-06,0,0,0,0,0,-1
0.333333333,0,0.180263158,0.007228994,0.001404928,0,0,0,0,0.001853568,-1
0.333333333,0,0.003947368,0.002855856,1.26E-07,0,0,0,0,0,-1
1,0,0.010526316,0.000184685,3.99E-06,0,0,0,0,0,-1
0,0,0.017105263,0.00048018,4.88E-05,0,0,0,0,0,-1
0.4,0,0.043421053,0.005207207,3.62E-05,0,0,0,0,0,-1
0,0,0.013157895,0.001414414,1.18E-06,0,0,0,0,0,-1
0,0,0.163157895,0.001563483,0.025953528,0,0,0,0,0.000463392,-1
1,0,0.010526316,0.000620721,6.45E-07,0,0,0,0,0,-1
0,0,0.026315789,0.004279279,5.48E-06,0,0,0,0,0.003707136,-1
0.647058824,0,0.014473684,0.000223423,8.56E-05,0,0,0,0,0,-1
0,0,0.078947368,0.002774775,1.83E-04,0,0,0,0,0,-1
0,0,0.001315789,0,2.67E-11,0,0,0,0,0.000463392,-1
1,0,0.061842105,0.005225225,5.62E-05,0,0,0,0,0,-1
0,0,0.146052632,0.005740495,0.001957095,0,0,0,0,0,-1
0,0,0.044736842,0.000627898,0.001850463,0,0,0,0,0,-1
0,0,0.042105263,0.003162162,3.69E-05,0,0,0,0,0,-1
0,0,0.009210526,1.66E-05,1.65E-04,0,0,0,0,0,-1
0,0,0.051315789,0.015585586,4.77E-04,0,0,0,0,0,-1
0,0,0.017105263,8.52E-05,1.35E-06,0,0,0,0,0,-1
0,0,0.013157895,0.000230631,4.17E-05,0,0,0,0,0.000463392,-1
0.181818182,0,0.160526316,0.005600541,0.020833137,0,0,0,0,0,-1
0,0,0.001315789,0,1.55E-06,0,0,0,0,0,-1
0,0,0.042105263,0.003504505,8.43E-05,0,0,0,0,0.000463392,-1
0,0,0.009210526,4.65E-05,3.13E-07,0,0,0,0,0,-1
0,0,0.011842105,3.37E-05,2.88E-05,0,0,0,0,0.000463392,-1
0,0,0.002631579,7.77E-05,6.57E-08,0,0,0,0,0.000463392,-1
0,0,0.001315789,0,1.05E-07,0,0,0,0,0.000463392,-1
0,0,0.046052632,0.004972973,1.40E-05,0,0,0,0,0,-1
0,0,0.001315789,0,1.28E-09,0,0,0,0,0,-1
0,0,0.023684211,0.002171171,2.89E-05,0,0,0,0,0,-1
1,0,0.106578947,0.004680901,0.002708784,0,0,0,0,0.000926784,-1
0,0,0.001315789,0,8.93E-08,0,0,0,0,0.000926784,-1
0,0,0.001315789,0,5.17E-07,0,0,0,0,0,-1
0.166666667,0,0.086842105,0.00781982,4.08E-04,0,0,0,0,0,-1
0,0,0.060526316,0.005468468,2.73E-05,0,0,0,0,0,-1
0,0,0.003947368,8.65E-06,4.19E-07,0,0,0,0,0,-1
0.050314465,0,0.005263158,0,1.55E-05,0,0,0,0,0.00231696,-1
0,0,0.002631579,0,1.26E-06,0,0,0,0,0,-1
1,0,0.122368421,0.033153153,7.49E-05,0,0,0,0,0,-1
0.2,0,0.082894737,0.004567568,9.39E-05,0,0,0,0,0.000926784,-1
0,0,0.023684211,0.000587387,3.44E-07,0,0,0,0,0,-1
0,0,0.053947368,0.002315315,5.04E-06,0,0,0,0,0,-1
0,0,0.168421053,0.014658189,0.014622125,0,0,0,0,0,-1
0,0,0.068421053,0.01018018,3.40E-05,0,0,0,0,0.000463392,-1
0.5,0,0.007894737,0.003234234,5.63E-07,0,0,0,0,0,-1
0.444444444,0,0.031578947,0.000691892,1.94E-06,0,0,0,0,0,-1
0,0,0.015789474,0.005441441,2.25E-05,0,0,0,0,0,-1
0,0,0.046052632,0.002792793,4.90E-06,0,0,0,0,0.000463392,-1
0,0,0.013157895,0.000766667,2.30E-05,0,0,0,0,0.000463392,-1
0,0,0.005263158,0,2.32E-06,0,0,0,0,0,-1
1,0,0.001315789,0,2.07E-07,0,0,0,0,0,-1
0.75,0,0.003947368,0,1.24E-06,0,0,0,0,0,-1
0,0,0.009210526,8.86E-05,2.75E-06,0,0,0,0,0,-1
0,0,0.102631579,0.00990991,6.54E-04,0,0,0,0,0.000463392,-1
0,0,0.019736842,0.000311712,1.40E-04,0,0,0,0,0.000926784,-1
0,0,0.040789474,0.005117117,2.79E-05,0,0,0,0,0.00231696,-1
0,0,0.047368421,2.34E-06,5.68E-05,0,0,0,0,0,-1
0.5,0,0.006578947,0,6.91E-08,0,0,0,0,0,-1
0,0,0.034210526,0.001369369,4.40E-05,0,0,0,0,0.000463392,-1
0,0,0.023684211,0,1.46E-06,0,0,0,0,0,-1
0,0,0.019736842,0,1.31E-05,0,0,0,0,0.000926784,-1
0.5,0,0.007894737,1.26E-06,1.36E-06,0,0,0,0,0.001390176,-1
0,0,0.089473684,0.001621622,6.42E-04,0,0,0,0,0,-1
0,0,0.034210526,4.86E-05,3.41E-04,0,0,0,0,0,-1
0.5,0,0.001315789,0,2.12E-09,0,0,0,0,0.000463392,-1
0,0,0.007894737,0.000533333,6.82E-07,0,0,0,0,0,-1
0,0,0.035526316,0.008972973,3.61E-05,0,0,0,0,0.000463392,-1
0.75,0,0.003947368,0.022882883,6.73E-11,0,0,0,0,0,-1
1,0,0.026315789,0.006612613,3.91E-06,0,0,0,0,0,-1
0.5,0,0.247368421,0.004705946,0.034991848,0,0,0,0,0.000463392,-1
0,0,0.017105263,0.000386486,1.74E-06,0,0,0,0,0,-1
0,0,0.005263158,0.000579279,1.56E-05,0,0,0,0,0.000463392,-1
0,0,0.025,0.000918919,4.98E-05,0,0,0,0,0,-1
1,0,0.028947368,0.000872072,3.89E-04,0,0,0,0,0.000926784,-1
0,0,0.021052632,0.001333333,4.09E-05,0,0,0,0,0.000926784,-1
0,0,0.017105263,0.000372072,1.85E-05,0,0,0,0,0,-1
0,0,0.002631579,0,1.37E-09,0,0,0,0,0.000463392,-1
0,0,0.009210526,0.002432432,5.87E-07,0,0,0,0,0,-1
0.666666667,0,0.002631579,0.000190991,9.49E-08,0,0,0,0,0,-1
0,0,0.022368421,0.001135135,2.44E-05,0,0,0,0,0,-1
0,0,0.013157895,0.001189189,3.38E-05,0,0,0,0,0,-1
0,0,0.010526316,0.00065045,5.21E-06,0,0,0,0,0,-1
0,0,0.006578947,0,1.00E-06,0,0,0,0,0.000463392,-1
0.555555556,0,0.009210526,0.000614414,2.43E-06,0,0,0,0,0,-1
0,0,0.007894737,0.000832432,4.70E-07,0,0,0,0,0.004170528,-1
0,0,0.040789474,0.003657658,4.51E-04,0,0,0,0,0.002780352,-1
0,0,0.019736842,0.001108108,4.24E-05,0,0,0,0,0.000463392,-1
0,0,0.088157895,0.018018018,9.15E-05,0,0,0,0,0.001390176,-1
0,0,0.042105263,0.001323303,0.001950595,0,0,0,0,0,-1
1,0,0.017105263,0.000127027,6.21E-10,0,0,0,0,0,-1
0.333333333,0,0.014473684,0.000265766,8.69E-05,0,0,0,0,0,-1
0,0,0.261842105,0.002957015,0.058795878,0,0,0,0,0,-1
1,0,0.040789474,0.000184685,3.08E-04,0,0,0,0,0,-1
0.666666667,0,0.035526316,0.001585586,1.26E-05,0,0,0,0,0,-1
0,0,0.011842105,0.002297297,1.72E-06,0,0,0,0,0,-1
0.538461538,0,0.019736842,0.001189189,9.88E-04,0,0,0,0,0.000926784,-1
0,0,0.123684211,0.003189189,5.40E-04,0,0,0,0,0.016682113,-1
0,0,0.010526316,0,1.37E-06,0,0,0,0,0,-1
0,0,0.021052632,0.000598198,5.79E-06,0,0,0,0,0,-1
0,0,0.052631579,0.004,1.08E-05,0,0,0,0,0,-1
0,0,0.069736842,0.003423423,2.95E-04,0,0,0,0,0,-1
1,0,0.047368421,0.00581982,1.04E-05,0,0,0,0,0,-1
0,0,0.003947368,0,2.54E-07,0,0,0,0,0,-1
0,0,0.011842105,0.000803874,0.001203756,0,0,0,0,0.000463392,-1
0.25,0,0.080263158,0.010810811,6.62E-05,0,0,0,0,0,-1
0,0,0.014473684,1.20E-07,2.44E-05,0,0,0,0,0,-1
0,0,0.001315789,0,4.37E-44,0,0,0,0,0,-1
0,0,0.057894737,0.009092853,0.001110477,0,0,0,0,0.000463392,-1
0.666666667,0,0.002631579,0,1.02E-07,0,0,0,0,0,-1
0.826086957,0,0.021052632,0.001567568,2.72E-05,0,0,0,0,0,-1
0,0,0.030263158,0.004540541,1.91E-05,0,0,0,0,0,-1
0,0,0.064473684,0.001837838,3.41E-04,0,0,0,0,0,-1
0,0,0.007894737,0.000788288,8.16E-04,0,0,0,0,0,-1
0,0,0.006578947,0,3.98E-06,0,0,0,0,0,-1
0,0,0.001315789,0,5.92E-07,0,0,0,0,0,-1
0,0,0.003947368,0.000113514,3.42E-06,0,0,0,0,0.001390176,-1
0,0,0.001315789,0,3.95E-09,0,0,0,0,0,-1
0,0,0.028947368,0.001594595,5.90E-05,0,0,0,0,0,-1
1,0,0.034210526,0.000645045,1.34E-04,0,0,0,0,0.000463392,-1
0,0,0.002631579,0,5.63E-06,0,0,0,0,0,-1
1,0,0.001315789,0,5.13E-44,0,0,0,0,0,-1
0,0,0.305263158,0.076948955,0.001034845,0,0,0,0,0,-1
0,0,0.003947368,0.000581982,2.97E-06,0,0,0,0,0,-1
0,0,0.042105263,0.001540541,6.70E-05,0,0,0,0,0.000926784,-1
0.5,0,0.010526316,0.001216216,6.89E-07,0,0,0,0,0,-1
0,0,0.069736842,0.000206306,6.13E-04,0,0,0,0,0,-1
1,0,0.005263158,0.004306306,3.91E-07,0,0,0,0,0,-1
0,0,0.056578947,0.013513514,5.73E-04,0,0,0,0,0.00463392,-1
0,0,0.044736842,0.011891892,2.67E-05,0,0,0,0,0,-1
0.5,0,0.006578947,0.002855856,1.19E-05,0,0,0,0,0,-1
0,0,0.002631579,1.99E-05,5.80E-09,0,0,0,0,0,-1
0,0,0.011842105,0.000665766,3.79E-06,0,0,0,0,0,-1
0,0,0.001315789,0,6.13E-09,0,0,0,0,0,-1
0,0,0.021052632,0.000299099,2.57E-05,0,0,0,0,0.000463392,-1
0,0,0.109210526,0.005963964,6.38E-04,0,0,0,0,0.000463392,-1
0.666666667,0,0.056578947,0.002954955,2.17E-04,0,0,0,0,0,-1
0,0,0.015789474,0.000495495,1.54E-06,0,0,0,0,0.00695088,-1
0,0,0.001315789,0,8.75E-10,0,0,0,0,0,-1
0.5,0,0.056578947,0.000222523,2.74E-05,0,0,0,0,0.000926784,-1
1,0,0.005263158,3.87E-05,2.61E-06,0,0,0,0,0,-1
0.777777778,0,0.065789474,0.006063063,3.65E-05,0,0,0,0,0.001853568,-1
0,0,0.003947368,0.000330631,1.51E-07,0,0,0,0,0.000926784,-1
0,0,0.064473684,0.003324324,1.82E-04,0,0,0,0,0,-1
0.5,0,0.001315789,0,1.57E-06,0,0,0,0,0,-1
0,0,0.014473684,4.92E-05,2.00E-05,0,0,0,0,0,-1
1,0,0.003947368,1.30E-05,1.42E-07,0,0,0,0,0,-1
0,0,0.014473684,0.00109009,4.83E-04,0,0,0,0,0.000926784,-1
0,0,0.014473684,0.000156757,9.29E-05,0,0,0,0,0.001390176,-1
0.75,0,0.014473684,0.000436036,2.26E-05,0,0,0,0,0,-1
0,0,0.027631579,0.003828829,1.33E-05,0,0,0,0,0,-1
0.2,0,0.094736842,0.012882883,1.08E-04,0,0,0,0,0,-1
0,0,0.001315789,0,1.05E-07,0,0,0,0,0,-1
0,0,0.005263158,3.27E-05,1.47E-05,0,0,0,0,0.000463392,-1
0.5,0,0.117105263,0.011775972,0.007374994,0,0,0,0,0.001390176,-1
0,0,0.002631579,0,7.99E-08,0,0,0,0,0,-1
0.25,0,0.122368421,0.008387387,2.76E-04,0,0,0,0,0.00231696,-1
0,0,0.001315789,0,6.54E-13,0,0,0,0,0,-1
0,0,0.044736842,0.00017027,9.05E-06,0,0,0,0,0,-1
0,0,0.010526316,0.000393694,4.55E-06,0,0,0,0,0.000926784,-1
0,0,0.130263158,7.93E-06,0.017404751,0,0,0,0,0,-1
0.125,0,0.101315789,0.004342342,2.50E-04,0,0,0,0,0.006024096,-1
0,0,0.075,0.00281982,1.33E-04,0,0,0,0,0,-1
0,0,0.003947368,1.98E-06,5.25E-06,0,0,0,0,0,-1
0.5,0,0.006578947,3.03E-05,3.63E-06,0,0,0,0,0,-1
0.272727273,0,0.009210526,0.003153153,1.53E-06,0,0,0,0,0,-1
0,0,0.002631579,0.000133333,8.10E-06,0,0,0,0,0,-1
0,0,0.001315789,0,1.44E-42,0,0,0,0,0,-1
0,0,0.106578947,0.00281982,2.72E-05,0,0,0,0,0.001853568,-1
0,0,0.047368421,0.005315495,0.00841472,0,0,0,0,0.000926784,-1
0,0,0.011842105,0,2.96E-05,0,0,0,0,0,-1
0.2,0,0.003947368,9.73E-05,1.74E-07,0,0,0,0,0,-1
0,0,0.005263158,1.17E-05,9.32E-06,0,0,0,0,0.000463392,-1
0,0,0.156578947,0.00183952,0.003395294,0,0,0,0,0.000463392,-1
0,0,0.014473684,0.002108108,9.85E-06,0,0,0,0,0.000463392,-1
0,0,0.035526316,0.005162162,1.42E-04,0,0,0,0,0.001853568,-1
0,0,0.011842105,0,4.76E-07,0,0,0,0,0,-1
0,0,0.039473684,0.007099099,1.71E-05,0,0,0,0,0.000463392,-1
0,0,0.077631579,0.012162162,3.16E-04,0,0,0,0,0.000463392,-1
0,0,0.001315789,0,8.39E-42,0,0,0,0,0,-1
1,0,0.032894737,0.011351351,5.32E-04,0,0,0,0,0,-1
0.5,0,0.023684211,0.000754955,6.52E-06,0,0,0,0,0.000463392,-1
0,0,0.003947368,0.002855856,6.34E-06,0,0,0,0,0.000926784,-1
1,0,0.018421053,0.001288288,8.88E-04,0,0,0,0,0,-1
0.2,0,0.013157895,0.000427027,3.12E-05,0,0,1,0,0,-1
0,0,0.009210526,0.000159459,1.29E-05,0,0,0,0,0.000926784,-1
0,0,0.022368421,5.41E-07,2.77E-05,0,0,0,0,0,-1
0,0,0.006578947,5.20E-05,7.86E-08,0,0,0,0,0,-1
1,0,0.021052632,0.002126126,2.40E-04,0,0,0,0,0.000463392,-1
0,0,0.001315789,0,1.18E-06,0,0,0,0,0,-1
0.5,0,0.007894737,0.004477477,5.38E-05,0,0,0,0,0.001390176,-1
0,0,0.022368421,0.000883784,1.21E-05,0,0,0,0,0.000463392,-1
0.25,0,0.014473684,0.000504505,6.82E-04,0,0,0,0,0.000463392,-1
1,0,0.001315789,0,3.43E-42,0,0,0,0,0,-1
0,0,0.052631579,0.006297297,4.76E-05,0,0,0,0,0,-1
0,0,0.147368421,0.002021802,0.0196401,0,0,0,0,0.000463392,-1
1,0,0.001315789,0,1.19E-06,0,0,0,0,0.000463392,-1
0,0,0.027631579,0.000881081,1.40E-05,0,0,0,0,0.000463392,-1
0,0,0.088157895,0.002918919,1.55E-05,0,0,0,0,0,-1
0,0,0.219736842,0.00545961,0.041568419,0,0,0,0,0,-1
0,0,0.003947368,0.000236036,6.20E-07,0,0,0,0,0,-1
0,0,0.005263158,0.002873874,4.73E-06,0,0,0,0,0,-1
0,0,0.088157895,0.003225225,1.32E-04,0,0,0,0,0.003243744,-1
0,0,0.010526316,0,3.61E-06,0,0,0,0,0,-1
1,0,0.007894737,0,3.65E-05,0,0,0,0,0,-1
0.166666667,0,0.026315789,0.000532432,4.13E-04,0,0,0,0,0,-1
0.25,0,0.036842105,0.001144144,5.81E-04,0,0,0,0,0.001390176,-1
0,0,0.002631579,0,2.79E-06,0,0,0,0,0.000463392,-1
0.25,0,0.040789474,0.000535135,1.92E-05,0,0,0,0,0.000463392,-1
0,0,0.002631579,9.01E-07,7.07E-08,0,0,0,0,0,-1
0,0,0.006578947,0.000505405,2.66E-06,0,0,0,0,0,-1
1,0,0.009210526,0.000422523,5.78E-07,0,0,0,0,0.000463392,-1
0,0,0.001315789,0,5.77E-10,0,0,0,0,0,-1
1,0,0.101315789,0.026036036,3.02E-04,0,0,0,0,0.001853568,-1
0,0,0.017105263,0.001369369,2.24E-05,0,0,0,0,0.006487488,-1
0,0,0.009210526,0.008621622,1.29E-08,0,0,0,0,0,-1
0,0,0.003947368,0.001702703,6.07E-06,0,0,0,0,0.000463392,-1
1,0,0.028947368,0.005162162,1.49E-05,0,0,0,0,0.000926784,-1
0,0,0.063157895,0.00981982,8.51E-04,0,0,0,0,0.00463392,-1
0,0,0.140789474,0.002456126,0.00343825,0,0,0,0,0.000463392,-1
0,0,0.121052632,0.014774775,2.22E-04,0,0,0,0,0.009267841,-1
0.1,0,0.148684211,0.032566066,0.012149895,0,0,0,0,0,-1
0.6,0,0.088157895,0.00263964,1.05E-05,0,0,0,0,0.000463392,-1
0,0,0.110526316,0.017747748,7.57E-04,0,0,0,0,0,-1
0,0,0.223684211,0.015675676,6.77E-04,0,0,0,0,0.007414272,-1
0,0,0.040789474,0.004135135,3.76E-05,0,0,0,0,0,-1
0,0,0.001315789,0,1.38E-08,0,0,0,0,0,-1
0,0,0.010526316,0.000101802,6.13E-06,0,0,0,0,0.001853568,-1
0,0,0.022368421,0.001585586,1.02E-05,0,0,0,0,0.001853568,-1
0,0,0.022368421,0.00163964,1.73E-04,0,0,0,0,0,-1
0,0,0.003947368,0.002855856,4.30E-05,0,0,0,0,0,-1
0.5,0,0.010526316,0.001396396,5.66E-07,0,0,0,0,0,-1
0,0,0.027631579,0.004432432,4.35E-09,0,0,0,0,0,-1
0,0,0.061842105,0.011891892,4.15E-04,0,0,0,0,0.00463392,-1
0,0,0.003947368,1.08E-05,6.79E-07,0,0,0,0,0.000926784,-1
0.5,0,0.013157895,0.002144144,2.33E-07,0,0,0,0,0,-1
0,0,0.003947368,0,3.26E-06,0,0,0,0,0.000926784,-1
0,0,0.005263158,0.000144144,3.92E-05,0,0,0,0,0,-1
0,0,0.042105263,0.002127718,0.001070381,0,0,0,0,0.002780352,-1
0,0,0.011842105,0.000626126,5.35E-05,0,0,0,0,0,-1
0,0,0.013157895,0.002324324,3.85E-06,0,0,0,0,0.000463392,-1
0,0,0.002631579,0,6.69E-36,0,0,0,0,0,-1
1,0,0.042105263,0.002216216,5.61E-05,0,0,0,0,0,-1
0.333333333,0,0.042105263,0.001585586,5.23E-04,0,0,0,0,0.000463392,-1
0.333333333,0,0.006578947,2.50E-05,4.58E-07,0,0,0,0,0,-1
0,0,0.003947368,0.000243243,6.31E-07,0,0,0,0,0,-1
0,0,0.001315789,0,4.50E-08,0,0,0,0,0.000926784,-1
0.666666667,0,0.119736842,0.004765766,1.14E-04,0,0,0,0,0.00463392,-1
0,0,0.001315789,0,3.09E-09,0,0,0,0,0,-1
0,0,0.007894737,0,4.27E-05,0,0,0,0,0.000463392,-1
0,0,0.001315789,0,3.18E-08,0,0,0,0,0,-1
0,0,0.023684211,0.000963964,1.61E-04,0,0,0,0,0.000463392,-1
1,0,0.068421053,0.00070991,2.02E-05,0,0,0,0,0,-1
0,0,0.027631579,0.003405405,2.81E-05,0,0,0,0,0,-1
0.5,0,0.256578947,0.007774925,0.033688013,0,0,0,0,0.000463392,-1
0,0,0.15,0.000373844,0.021704158,0,0,0,0,0,-1
0,0,0.001315789,0,5.75E-06,0,0,0,0,0,-1
0,0,0.001315789,0,4.29E-08,0,0,0,0,0.000926784,-1
0,0,0.003947368,7.51E-05,2.97E-06,0,0,0,0,0,-1
1,0,0.038157895,9.19E-06,6.05E-05,0,0,0,0,0,-1
1,0,0.002631579,5.91E-05,1.42E-05,0,0,0,0,0.003243744,-1
0.944444444,0,0.021052632,0.001009009,5.94E-06,0,0,0,0,0,-1
0.142857143,1,0.013157895,0.000418919,2.21E-05,0,0,0,0,0,-1
0,0,0.001315789,0,5.12E-08,0,0,0,0,0,-1
0,0,0.002631579,2.34E-05,9.78E-08,0,0,0,0,0,-1
1,0,0.009210526,0.000164865,3.24E-05,0,0,0,0,0,-1
0,0,0.002631579,3.98E-05,1.34E-06,0,0,0,0,0,-1
0,0,0.003947368,4.55E-05,8.81E-07,0,0,0,0,0,-1
0,0,0.159210526,0.008937417,0.040001677,0,0,0,0,0,-1
0,0,0.003947368,3.60E-07,5.03E-38,0,0,0,0,0,-1
0,0,0.001315789,0,4.66E-07,0,0,0,0,0,-1
0,0,0.005263158,0.00209009,5.71E-05,0,0,0,0,0,-1
0,0,0.005263158,0.0004,9.52E-07,0,0,0,0,0,-1
0.571428571,0,0.018421053,0.000647748,4.57E-05,0,0,0,0,0,-1
1,0,0.031578947,0.002252252,2.42E-05,0,0,0,0,0.007414272,-1
